{
  "task": "binary classification",
  "target": "is_cheating",
  "target_description": "0 = authentic human writing, 1 = AI-assisted/generated",
  "num_rows": 269,
  "num_topics": 268,
  "label_distribution": {
    "authentic (0)": 122,
    "ai_assisted (1)": 147,
    "positive_rate": 0.5464684014869888
  },
  "answer_length_stats": {
    "mean": 1053.0520446096655,
    "std": 676.4111155807922,
    "min": 142,
    "max": 6306,
    "median": 983.0
  },
  "topic_length_stats": {
    "mean": 88.2899628252788,
    "std": 128.08284083083544,
    "min": 7,
    "max": 1526
  }
}